ppc,predictions
p01_geocnn_r01,0.0266073
p01_geocnn_r02,0.0220063
p01_geocnn_r03,0.0201353
p01_geocnn_r04,0.0194673
p01_gpcc-octree-predlift_r02,0.0284764
p01_gpcc-octree-predlift_r03,0.0159005
p01_gpcc-octree-predlift_r04,0.00983204
p01_gpcc-octree-predlift_r05,0.00536806
p01_gpcc-octree-predlift_r06,0.00253513
p01_gpcc-octree-raht_r02,0.0411519
p01_gpcc-octree-raht_r03,0.0214999
p01_gpcc-octree-raht_r04,0.0120813
p01_gpcc-octree-raht_r05,0.00663651
p01_gpcc-octree-raht_r06,0.003187
p01_vpcc_r00,0.0188375
p01_vpcc_r01,0.0143789
p01_vpcc_r02,0.0113819
p01_vpcc_r03,0.00887366
p01_vpcc_r04,0.00672136
p01_vpcc_r05,0.00525162
p02_geocnn_r01,0.0141249
p02_geocnn_r02,0.0135198
p02_geocnn_r03,0.0130423
p02_geocnn_r04,0.0124417
p02_gpcc-octree-predlift_r02,0.0213891
p02_gpcc-octree-predlift_r03,0.0138509
p02_gpcc-octree-predlift_r04,0.0108802
p02_gpcc-octree-predlift_r05,0.0077807
p02_gpcc-octree-predlift_r06,0.00442783
p02_gpcc-octree-raht_r02,0.0272924
p02_gpcc-octree-raht_r03,0.0166753
p02_gpcc-octree-raht_r04,0.0124701
p02_gpcc-octree-raht_r05,0.00880047
p02_gpcc-octree-raht_r06,0.00506882
p02_vpcc_r00,0.017014
p02_vpcc_r01,0.0145585
p02_vpcc_r02,0.0129264
p02_vpcc_r03,0.0115679
p02_vpcc_r04,0.0101953
p02_vpcc_r05,0.00809582
p03_geocnn_r01,0.0144153
p03_geocnn_r02,0.013337
p03_geocnn_r03,0.0121806
p03_geocnn_r04,0.0115809
p03_gpcc-octree-predlift_r02,0.028689
p03_gpcc-octree-predlift_r03,0.0137405
p03_gpcc-octree-predlift_r04,0.00917246
p03_gpcc-octree-predlift_r05,0.00603546
p03_gpcc-octree-predlift_r06,0.00347241
p03_gpcc-octree-raht_r02,0.036938
p03_gpcc-octree-raht_r03,0.0167092
p03_gpcc-octree-raht_r04,0.0108055
p03_gpcc-octree-raht_r05,0.00683343
p03_gpcc-octree-raht_r06,0.00385986
p03_vpcc_r00,0.0188779
p03_vpcc_r01,0.0146783
p03_vpcc_r02,0.0120357
p03_vpcc_r03,0.0102362
p03_vpcc_r04,0.00871872
p03_vpcc_r05,0.00705753
p04_geocnn_r01,0.0128539
p04_geocnn_r02,0.0122948
p04_geocnn_r03,0.0116368
p04_geocnn_r04,0.0107337
p04_gpcc-octree-predlift_r02,0.0230988
p04_gpcc-octree-predlift_r03,0.0145169
p04_gpcc-octree-predlift_r04,0.00991086
p04_gpcc-octree-predlift_r05,0.00646297
p04_gpcc-octree-predlift_r06,0.00358628
p04_gpcc-octree-raht_r02,0.0294769
p04_gpcc-octree-raht_r03,0.0168334
p04_gpcc-octree-raht_r04,0.0112911
p04_gpcc-octree-raht_r05,0.00739948
p04_gpcc-octree-raht_r06,0.00409269
p04_vpcc_r00,0.0177218
p04_vpcc_r01,0.0150903
p04_vpcc_r02,0.012958
p04_vpcc_r03,0.0112779
p04_vpcc_r04,0.00937845
p04_vpcc_r05,0.00679115
p05_geocnn_r01,0.0129981
p05_geocnn_r02,0.0120862
p05_geocnn_r03,0.0114742
p05_geocnn_r04,0.0109578
p05_gpcc-octree-predlift_r02,0.0261421
p05_gpcc-octree-predlift_r03,0.0133297
p05_gpcc-octree-predlift_r04,0.00927165
p05_gpcc-octree-predlift_r05,0.00630936
p05_gpcc-octree-predlift_r06,0.00365019
p05_gpcc-octree-raht_r02,0.0371067
p05_gpcc-octree-raht_r03,0.016667
p05_gpcc-octree-raht_r04,0.0109344
p05_gpcc-octree-raht_r05,0.00711071
p05_gpcc-octree-raht_r06,0.00404985
p05_vpcc_r00,0.0165807
p05_vpcc_r01,0.0130067
p05_vpcc_r02,0.0110181
p05_vpcc_r03,0.00970272
p05_vpcc_r04,0.00848009
p05_vpcc_r05,0.00705985
p06_geocnn_r01,0.0159025
p06_geocnn_r02,0.0152935
p06_geocnn_r03,0.0151944
p06_geocnn_r04,0.0144515
p06_gpcc-octree-predlift_r02,0.0203424
p06_gpcc-octree-predlift_r03,0.015865
p06_gpcc-octree-predlift_r04,0.0129002
p06_gpcc-octree-predlift_r05,0.00836988
p06_gpcc-octree-predlift_r06,0.00479333
p06_gpcc-octree-raht_r02,0.0242463
p06_gpcc-octree-raht_r03,0.0179804
p06_gpcc-octree-raht_r04,0.0146637
p06_gpcc-octree-raht_r05,0.00994928
p06_gpcc-octree-raht_r06,0.00541103
p06_vpcc_r00,0.0168461
p06_vpcc_r01,0.0153803
p06_vpcc_r02,0.0144482
p06_vpcc_r03,0.013089
p06_vpcc_r04,0.0111755
p06_vpcc_r05,0.00832159
p07_geocnn_r01,0.015065
p07_geocnn_r02,0.0144683
p07_geocnn_r03,0.0141537
p07_geocnn_r04,0.0134757
p07_gpcc-octree-predlift_r02,0.0202667
p07_gpcc-octree-predlift_r03,0.0148834
p07_gpcc-octree-predlift_r04,0.0111912
p07_gpcc-octree-predlift_r05,0.00766827
p07_gpcc-octree-predlift_r06,0.00430844
p07_gpcc-octree-raht_r02,0.0246173
p07_gpcc-octree-raht_r03,0.0170811
p07_gpcc-octree-raht_r04,0.0128695
p07_gpcc-octree-raht_r05,0.00859826
p07_gpcc-octree-raht_r06,0.00482084
p07_vpcc_r00,0.0172692
p07_vpcc_r01,0.0150498
p07_vpcc_r02,0.0133462
p07_vpcc_r03,0.0118045
p07_vpcc_r04,0.0101509
p07_vpcc_r05,0.00786128
p08_geocnn_r01,0.0154066
p08_geocnn_r02,0.0145555
p08_geocnn_r03,0.0142204
p08_geocnn_r04,0.0136038
p08_gpcc-octree-predlift_r02,0.022415
p08_gpcc-octree-predlift_r03,0.0159644
p08_gpcc-octree-predlift_r04,0.0121924
p08_gpcc-octree-predlift_r05,0.00822946
p08_gpcc-octree-predlift_r06,0.00448828
p08_gpcc-octree-raht_r02,0.0274269
p08_gpcc-octree-raht_r03,0.0187643
p08_gpcc-octree-raht_r04,0.01436
p08_gpcc-octree-raht_r05,0.00953941
p08_gpcc-octree-raht_r06,0.00510619
p08_vpcc_r00,0.0181181
p08_vpcc_r01,0.0159563
p08_vpcc_r02,0.0140154
p08_vpcc_r03,0.0123902
p08_vpcc_r04,0.0106906
p08_vpcc_r05,0.00836736
p09_geocnn_r01,0.0134812
p09_geocnn_r02,0.0127746
p09_geocnn_r03,0.0123193
p09_geocnn_r04,0.0118617
p09_gpcc-octree-predlift_r02,0.023158
p09_gpcc-octree-predlift_r03,0.0141776
p09_gpcc-octree-predlift_r04,0.0101182
p09_gpcc-octree-predlift_r05,0.00697997
p09_gpcc-octree-predlift_r06,0.00408223
p09_gpcc-octree-raht_r02,0.0296835
p09_gpcc-octree-raht_r03,0.0170131
p09_gpcc-octree-raht_r04,0.0119168
p09_gpcc-octree-raht_r05,0.00790533
p09_gpcc-octree-raht_r06,0.00463293
p09_vpcc_r00,0.0169505
p09_vpcc_r01,0.0140647
p09_vpcc_r02,0.0120998
p09_vpcc_r03,0.0105667
p09_vpcc_r04,0.00907167
p09_vpcc_r05,0.00739749
p10_geocnn_r01,0.0146513
p10_geocnn_r02,0.0138468
p10_geocnn_r03,0.0134538
p10_geocnn_r04,0.012693
p10_gpcc-octree-predlift_r02,0.0222359
p10_gpcc-octree-predlift_r03,0.0150277
p10_gpcc-octree-predlift_r04,0.0115377
p10_gpcc-octree-predlift_r05,0.00756928
p10_gpcc-octree-predlift_r06,0.00437338
p10_gpcc-octree-raht_r02,0.0282996
p10_gpcc-octree-raht_r03,0.0175673
p10_gpcc-octree-raht_r04,0.0133381
p10_gpcc-octree-raht_r05,0.00894932
p10_gpcc-octree-raht_r06,0.00491202
p10_vpcc_r00,0.0175993
p10_vpcc_r01,0.0153049
p10_vpcc_r02,0.0135408
p10_vpcc_r03,0.0119544
p10_vpcc_r04,0.0103262
p10_vpcc_r05,0.00792022
p11_geocnn_r01,0.00907952
p11_geocnn_r02,0.00861582
p11_geocnn_r03,0.00786837
p11_geocnn_r04,0.00695584
p11_gpcc-octree-predlift_r02,0.0272372
p11_gpcc-octree-predlift_r03,0.014047
p11_gpcc-octree-predlift_r04,0.00949656
p11_gpcc-octree-predlift_r05,0.00637825
p11_gpcc-octree-predlift_r06,0.00419293
p11_gpcc-octree-raht_r02,0.0350388
p11_gpcc-octree-raht_r03,0.0166851
p11_gpcc-octree-raht_r04,0.0108043
p11_gpcc-octree-raht_r05,0.0069668
p11_gpcc-octree-raht_r06,0.00445411
p11_vpcc_r00,0.0173001
p11_vpcc_r01,0.0137157
p11_vpcc_r02,0.0117749
p11_vpcc_r03,0.0098129
p11_vpcc_r04,0.0075617
p11_vpcc_r05,0.00592959
p12_geocnn_r01,0.00663793
p12_geocnn_r02,0.0061581
p12_geocnn_r03,0.00542401
p12_geocnn_r04,0.00446482
p12_gpcc-octree-predlift_r02,0.0190315
p12_gpcc-octree-predlift_r03,0.0112224
p12_gpcc-octree-predlift_r04,0.00776848
p12_gpcc-octree-predlift_r05,0.00580063
p12_gpcc-octree-predlift_r06,0.00430626
p12_gpcc-octree-raht_r02,0.0246962
p12_gpcc-octree-raht_r03,0.0135061
p12_gpcc-octree-raht_r04,0.00916182
p12_gpcc-octree-raht_r05,0.00668346
p12_gpcc-octree-raht_r06,0.00476723
p12_vpcc_r00,0.0140728
p12_vpcc_r01,0.011573
p12_vpcc_r02,0.00986392
p12_vpcc_r03,0.00852421
p12_vpcc_r04,0.00718979
p12_vpcc_r05,0.00614758
p13_geocnn_r01,0.00664055
p13_geocnn_r02,0.00625164
p13_geocnn_r03,0.00554872
p13_geocnn_r04,0.00460144
p13_gpcc-octree-predlift_r02,0.0242831
p13_gpcc-octree-predlift_r03,0.0110809
p13_gpcc-octree-predlift_r04,0.0072615
p13_gpcc-octree-predlift_r05,0.00567578
p13_gpcc-octree-predlift_r06,0.0044212
p13_gpcc-octree-raht_r02,0.0348712
p13_gpcc-octree-raht_r03,0.0142376
p13_gpcc-octree-raht_r04,0.00849587
p13_gpcc-octree-raht_r05,0.00618881
p13_gpcc-octree-raht_r06,0.00472487
p13_vpcc_r00,0.0147855
p13_vpcc_r01,0.0108701
p13_vpcc_r02,0.00883198
p13_vpcc_r03,0.00756616
p13_vpcc_r04,0.00674007
p13_vpcc_r05,0.00606058
p14_geocnn_r01,0.00617077
p14_geocnn_r02,0.0057696
p14_geocnn_r03,0.0050839
p14_geocnn_r04,0.00423017
p14_gpcc-octree-predlift_r02,0.0215697
p14_gpcc-octree-predlift_r03,0.0105559
p14_gpcc-octree-predlift_r04,0.00736464
p14_gpcc-octree-predlift_r05,0.00587505
p14_gpcc-octree-predlift_r06,0.00463167
p14_gpcc-octree-raht_r02,0.031159
p14_gpcc-octree-raht_r03,0.0132907
p14_gpcc-octree-raht_r04,0.00866066
p14_gpcc-octree-raht_r05,0.00650116
p14_gpcc-octree-raht_r06,0.00498185
p14_vpcc_r00,0.0135104
p14_vpcc_r01,0.0104951
p14_vpcc_r02,0.00881676
p14_vpcc_r03,0.00762545
p14_vpcc_r04,0.00664373
p14_vpcc_r05,0.00587848
p15_geocnn_r01,0.00749985
p15_geocnn_r02,0.00702479
p15_geocnn_r03,0.00626493
p15_geocnn_r04,0.00537835
p15_gpcc-octree-predlift_r02,0.024644
p15_gpcc-octree-predlift_r03,0.0134417
p15_gpcc-octree-predlift_r04,0.00893857
p15_gpcc-octree-predlift_r05,0.00649284
p15_gpcc-octree-predlift_r06,0.00464056
p15_gpcc-octree-raht_r02,0.0327225
p15_gpcc-octree-raht_r03,0.016479
p15_gpcc-octree-raht_r04,0.0105368
p15_gpcc-octree-raht_r05,0.00737698
p15_gpcc-octree-raht_r06,0.00507396
p15_vpcc_r00,0.0171165
p15_vpcc_r01,0.013561
p15_vpcc_r02,0.0110242
p15_vpcc_r03,0.00919533
p15_vpcc_r04,0.00766802
p15_vpcc_r05,0.0061999
p16_geocnn_r01,0.00697331
p16_geocnn_r02,0.00655679
p16_geocnn_r03,0.00576995
p16_geocnn_r04,0.00485851
p16_gpcc-octree-predlift_r02,0.0216998
p16_gpcc-octree-predlift_r03,0.012867
p16_gpcc-octree-predlift_r04,0.00918658
p16_gpcc-octree-predlift_r05,0.00699593
p16_gpcc-octree-predlift_r06,0.00526051
p16_gpcc-octree-raht_r02,0.028342
p16_gpcc-octree-raht_r03,0.0155597
p16_gpcc-octree-raht_r04,0.010759
p16_gpcc-octree-raht_r05,0.00796128
p16_gpcc-octree-raht_r06,0.00590104
p16_vpcc_r00,0.0156739
p16_vpcc_r01,0.0129743
p16_vpcc_r02,0.0109712
p16_vpcc_r03,0.00939511
p16_vpcc_r04,0.00799304
p16_vpcc_r05,0.00675993
p17_geocnn_r01,0.00643231
p17_geocnn_r02,0.00598076
p17_geocnn_r03,0.00515978
p17_geocnn_r04,0.00422935
p17_gpcc-octree-predlift_r02,0.0239441
p17_gpcc-octree-predlift_r03,0.0115103
p17_gpcc-octree-predlift_r04,0.00734556
p17_gpcc-octree-predlift_r05,0.00540858
p17_gpcc-octree-predlift_r06,0.00401987
p17_gpcc-octree-raht_r02,0.0346541
p17_gpcc-octree-raht_r03,0.0143883
p17_gpcc-octree-raht_r04,0.00865468
p17_gpcc-octree-raht_r05,0.0059541
p17_gpcc-octree-raht_r06,0.00426842
p17_vpcc_r00,0.0152047
p17_vpcc_r01,0.0115672
p17_vpcc_r02,0.00921833
p17_vpcc_r03,0.00762107
p17_vpcc_r04,0.00643298
p17_vpcc_r05,0.00551909
p18_geocnn_r01,0.0071704
p18_geocnn_r02,0.00669331
p18_geocnn_r03,0.00585908
p18_geocnn_r04,0.00489253
p18_gpcc-octree-predlift_r02,0.0211249
p18_gpcc-octree-predlift_r03,0.0113111
p18_gpcc-octree-predlift_r04,0.00746657
p18_gpcc-octree-predlift_r05,0.00563106
p18_gpcc-octree-predlift_r06,0.00426318
p18_gpcc-octree-raht_r02,0.028648
p18_gpcc-octree-raht_r03,0.0139752
p18_gpcc-octree-raht_r04,0.00873738
p18_gpcc-octree-raht_r05,0.00621017
p18_gpcc-octree-raht_r06,0.00462214
p18_vpcc_r00,0.0142163
p18_vpcc_r01,0.0112737
p18_vpcc_r02,0.00926716
p18_vpcc_r03,0.00785993
p18_vpcc_r04,0.00683026
p18_vpcc_r05,0.00603589
p19_geocnn_r01,0.0120498
p19_geocnn_r02,0.0116133
p19_geocnn_r03,0.0109607
p19_geocnn_r04,0.0100503
p19_gpcc-octree-predlift_r02,0.0279785
p19_gpcc-octree-predlift_r03,0.0154137
p19_gpcc-octree-predlift_r04,0.00922668
p19_gpcc-octree-predlift_r05,0.00640966
p19_gpcc-octree-predlift_r06,0.00437317
p19_gpcc-octree-raht_r02,0.0355955
p19_gpcc-octree-raht_r03,0.0181633
p19_gpcc-octree-raht_r04,0.0104321
p19_gpcc-octree-raht_r05,0.00680834
p19_gpcc-octree-raht_r06,0.00454687
p19_vpcc_r00,0.0203737
p19_vpcc_r01,0.016073
p19_vpcc_r02,0.0123778
p19_vpcc_r03,0.00944297
p19_vpcc_r04,0.0074518
p19_vpcc_r05,0.0062924
p20_geocnn_r01,0.0109553
p20_geocnn_r02,0.0104446
p20_geocnn_r03,0.00964795
p20_geocnn_r04,0.00858817
p20_gpcc-octree-predlift_r02,0.0251866
p20_gpcc-octree-predlift_r03,0.0161235
p20_gpcc-octree-predlift_r04,0.00993833
p20_gpcc-octree-predlift_r05,0.00597647
p20_gpcc-octree-predlift_r06,0.0035508
p20_gpcc-octree-raht_r02,0.0322167
p20_gpcc-octree-raht_r03,0.0186514
p20_gpcc-octree-raht_r04,0.0112845
p20_gpcc-octree-raht_r05,0.00636428
p20_gpcc-octree-raht_r06,0.00374926
p20_vpcc_r00,0.0207164
p20_vpcc_r01,0.0170784
p20_vpcc_r02,0.0138947
p20_vpcc_r03,0.0106479
p20_vpcc_r04,0.00815542
p20_vpcc_r05,0.00639723
p21_geocnn_r01,0.00940705
p21_geocnn_r02,0.00891562
p21_geocnn_r03,0.00802396
p21_geocnn_r04,0.00694233
p21_gpcc-octree-predlift_r02,0.0239887
p21_gpcc-octree-predlift_r03,0.0126647
p21_gpcc-octree-predlift_r04,0.00830836
p21_gpcc-octree-predlift_r05,0.00587044
p21_gpcc-octree-predlift_r06,0.00401268
p21_gpcc-octree-raht_r02,0.0329192
p21_gpcc-octree-raht_r03,0.0152525
p21_gpcc-octree-raht_r04,0.00948886
p21_gpcc-octree-raht_r05,0.00644313
p21_gpcc-octree-raht_r06,0.00434709
p21_vpcc_r00,0.0160607
p21_vpcc_r01,0.0130227
p21_vpcc_r02,0.0109844
p21_vpcc_r03,0.00930821
p21_vpcc_r04,0.00772305
p21_vpcc_r05,0.00632882
p22_geocnn_r01,0.0108176
p22_geocnn_r02,0.0103297
p22_geocnn_r03,0.0093311
p22_geocnn_r04,0.00803776
p22_gpcc-octree-predlift_r02,0.0320001
p22_gpcc-octree-predlift_r03,0.0126989
p22_gpcc-octree-predlift_r04,0.0063337
p22_gpcc-octree-predlift_r05,0.00404478
p22_gpcc-octree-predlift_r06,0.00247161
p22_gpcc-octree-raht_r02,0.0430232
p22_gpcc-octree-raht_r03,0.0148419
p22_gpcc-octree-raht_r04,0.00688226
p22_gpcc-octree-raht_r05,0.00417465
p22_gpcc-octree-raht_r06,0.00252551
p22_vpcc_r00,0.0167806
p22_vpcc_r01,0.012488
p22_vpcc_r02,0.00982534
p22_vpcc_r03,0.00780458
p22_vpcc_r04,0.0064729
p22_vpcc_r05,0.00546063
p23_geocnn_r01,0.00824777
p23_geocnn_r02,0.00770926
p23_geocnn_r03,0.00697415
p23_geocnn_r04,0.00605949
p23_gpcc-octree-predlift_r02,0.029233
p23_gpcc-octree-predlift_r03,0.0110633
p23_gpcc-octree-predlift_r04,0.00569119
p23_gpcc-octree-predlift_r05,0.00393857
p23_gpcc-octree-predlift_r06,0.00266
p23_gpcc-octree-raht_r02,0.041169
p23_gpcc-octree-raht_r03,0.0131237
p23_gpcc-octree-raht_r04,0.00632697
p23_gpcc-octree-raht_r05,0.00412769
p23_gpcc-octree-raht_r06,0.00274858
p23_vpcc_r00,0.0158223
p23_vpcc_r01,0.0114765
p23_vpcc_r02,0.00884589
p23_vpcc_r03,0.00716131
p23_vpcc_r04,0.00588309
p23_vpcc_r05,0.00501651
p24_geocnn_r01,0.0107016
p24_geocnn_r02,0.0103547
p24_geocnn_r03,0.00967576
p24_geocnn_r04,0.00859795
p24_gpcc-octree-predlift_r02,0.0250215
p24_gpcc-octree-predlift_r03,0.0142311
p24_gpcc-octree-predlift_r04,0.00830773
p24_gpcc-octree-predlift_r05,0.00526436
p24_gpcc-octree-predlift_r06,0.00325597
p24_gpcc-octree-raht_r02,0.0309314
p24_gpcc-octree-raht_r03,0.0170308
p24_gpcc-octree-raht_r04,0.00947027
p24_gpcc-octree-raht_r05,0.00560475
p24_gpcc-octree-raht_r06,0.00341207
p24_vpcc_r00,0.0201489
p24_vpcc_r01,0.0160048
p24_vpcc_r02,0.0130131
p24_vpcc_r03,0.0103757
p24_vpcc_r04,0.00816806
p24_vpcc_r05,0.00663423
p25_geocnn_r01,0.00909463
p25_geocnn_r02,0.00861964
p25_geocnn_r03,0.00778466
p25_geocnn_r04,0.00673876
p25_gpcc-octree-predlift_r02,0.0268385
p25_gpcc-octree-predlift_r03,0.0132817
p25_gpcc-octree-predlift_r04,0.00757558
p25_gpcc-octree-predlift_r05,0.00500696
p25_gpcc-octree-predlift_r06,0.0031645
p25_gpcc-octree-raht_r02,0.0355831
p25_gpcc-octree-raht_r03,0.0161947
p25_gpcc-octree-raht_r04,0.00880839
p25_gpcc-octree-raht_r05,0.0054241
p25_gpcc-octree-raht_r06,0.00335067
p25_vpcc_r00,0.0188503
p25_vpcc_r01,0.0144655
p25_vpcc_r02,0.0114269
p25_vpcc_r03,0.00912405
p25_vpcc_r04,0.00729073
p25_vpcc_r05,0.00586574
p26_geocnn_r01,0.0134222
p26_geocnn_r02,0.0129422
p26_geocnn_r03,0.0120655
p26_geocnn_r04,0.0111016
p26_gpcc-octree-predlift_r02,0.025954
p26_gpcc-octree-predlift_r03,0.0158972
p26_gpcc-octree-predlift_r04,0.0119186
p26_gpcc-octree-predlift_r05,0.00711808
p26_gpcc-octree-predlift_r06,0.00403464
p26_gpcc-octree-raht_r02,0.0327144
p26_gpcc-octree-raht_r03,0.0177729
p26_gpcc-octree-raht_r04,0.0128385
p26_gpcc-octree-raht_r05,0.0076929
p26_gpcc-octree-raht_r06,0.00430432
p26_vpcc_r00,0.0177274
p26_vpcc_r01,0.0153273
p26_vpcc_r02,0.0129738
p26_vpcc_r03,0.0105426
p26_vpcc_r04,0.00816816
p26_vpcc_r05,0.00626724
p27_geocnn_r01,0.00934205
p27_geocnn_r02,0.00874675
p27_geocnn_r03,0.00786504
p27_geocnn_r04,0.00670394
p27_gpcc-octree-predlift_r02,0.0397758
p27_gpcc-octree-predlift_r03,0.0126393
p27_gpcc-octree-predlift_r04,0.00721381
p27_gpcc-octree-predlift_r05,0.00454362
p27_gpcc-octree-predlift_r06,0.0029243
p27_gpcc-octree-raht_r02,0.0446428
p27_gpcc-octree-raht_r03,0.0144277
p27_gpcc-octree-raht_r04,0.0082637
p27_gpcc-octree-raht_r05,0.00493909
p27_gpcc-octree-raht_r06,0.00310335
p27_vpcc_r00,0.0162912
p27_vpcc_r01,0.0124386
p27_vpcc_r02,0.0102623
p27_vpcc_r03,0.00844747
p27_vpcc_r04,0.00643133
p27_vpcc_r05,0.00516194
p28_geocnn_r01,0.0094054
p28_geocnn_r02,0.00880869
p28_geocnn_r03,0.00814092
p28_geocnn_r04,0.00734055
p28_gpcc-octree-predlift_r02,0.0307367
p28_gpcc-octree-predlift_r03,0.0124249
p28_gpcc-octree-predlift_r04,0.00649523
p28_gpcc-octree-predlift_r05,0.00406336
p28_gpcc-octree-predlift_r06,0.00267503
p28_gpcc-octree-raht_r02,0.0361471
p28_gpcc-octree-raht_r03,0.013832
p28_gpcc-octree-raht_r04,0.00687119
p28_gpcc-octree-raht_r05,0.00417736
p28_gpcc-octree-raht_r06,0.002719
p28_vpcc_r00,0.0154558
p28_vpcc_r01,0.0113073
p28_vpcc_r02,0.00872149
p28_vpcc_r03,0.00686721
p28_vpcc_r04,0.00557668
p28_vpcc_r05,0.00488306
p29_geocnn_r01,0.00855748
p29_geocnn_r02,0.00790597
p29_geocnn_r03,0.00713926
p29_geocnn_r04,0.00652418
p29_gpcc-octree-predlift_r02,0.016794
p29_gpcc-octree-predlift_r03,0.0110521
p29_gpcc-octree-predlift_r04,0.00763571
p29_gpcc-octree-predlift_r05,0.00522265
p29_gpcc-octree-predlift_r06,0.00295691
p29_gpcc-octree-raht_r02,0.019392
p29_gpcc-octree-raht_r03,0.0116097
p29_gpcc-octree-raht_r04,0.00848356
p29_gpcc-octree-raht_r05,0.00608015
p29_gpcc-octree-raht_r06,0.00338108
p29_vpcc_r00,0.0138528
p29_vpcc_r01,0.0130011
p29_vpcc_r02,0.0123038
p29_vpcc_r03,0.0107862
p29_vpcc_r04,0.00822966
p29_vpcc_r05,0.00655923
p30_geocnn_r01,0.00401697
p30_geocnn_r02,0.00332106
p30_geocnn_r03,0.00274641
p30_geocnn_r04,0.00239059
p30_gpcc-octree-predlift_r02,0.0115297
p30_gpcc-octree-predlift_r03,0.00611933
p30_gpcc-octree-predlift_r04,0.00306185
p30_gpcc-octree-predlift_r05,0.00232765
p30_gpcc-octree-predlift_r06,0.00202327
p30_gpcc-octree-raht_r02,0.0133104
p30_gpcc-octree-raht_r03,0.00570422
p30_gpcc-octree-raht_r04,0.00331818
p30_gpcc-octree-raht_r05,0.0025332
p30_gpcc-octree-raht_r06,0.00211899
p30_vpcc_r00,0.00600664
p30_vpcc_r01,0.0049971
p30_vpcc_r02,0.00458624
p30_vpcc_r03,0.00398763
p30_vpcc_r04,0.00366246
p30_vpcc_r05,0.00318897
p31_geocnn_r01,0.00989831
p31_geocnn_r02,0.0095457
p31_geocnn_r03,0.00876866
p31_geocnn_r04,0.00784953
p31_gpcc-octree-predlift_r02,0.0276958
p31_gpcc-octree-predlift_r03,0.0149874
p31_gpcc-octree-predlift_r04,0.00883214
p31_gpcc-octree-predlift_r05,0.00582079
p31_gpcc-octree-predlift_r06,0.00402225
p31_gpcc-octree-raht_r02,0.0341928
p31_gpcc-octree-raht_r03,0.0186946
p31_gpcc-octree-raht_r04,0.0098753
p31_gpcc-octree-raht_r05,0.00616592
p31_gpcc-octree-raht_r06,0.00417335
p31_vpcc_r00,0.0215016
p31_vpcc_r01,0.0153514
p31_vpcc_r02,0.0111637
p31_vpcc_r03,0.00875909
p31_vpcc_r04,0.00709718
p31_vpcc_r05,0.00599131
p32_geocnn_r01,NaN
p32_geocnn_r02,NaN
p32_geocnn_r03,NaN
p32_geocnn_r04,NaN
p32_gpcc-octree-predlift_r02,0.0134572
p32_gpcc-octree-predlift_r03,0.00691212
p32_gpcc-octree-predlift_r04,0.00479797
p32_gpcc-octree-predlift_r05,0.00400562
p32_gpcc-octree-predlift_r06,0.00324471
p32_gpcc-octree-raht_r02,0.0165055
p32_gpcc-octree-raht_r03,0.00883789
p32_gpcc-octree-raht_r04,0.00601403
p32_gpcc-octree-raht_r05,0.00449975
p32_gpcc-octree-raht_r06,0.00376917
p32_vpcc_r00,0.0067828
p32_vpcc_r01,0.00583882
p32_vpcc_r02,0.00475225
p32_vpcc_r03,0.00418709
p32_vpcc_r04,0.00382426
p32_vpcc_r05,0.00348965
p33_geocnn_r01,0.00735664
p33_geocnn_r02,0.00669223
p33_geocnn_r03,0.00563729
p33_geocnn_r04,0.00464612
p33_gpcc-octree-predlift_r02,0.0253516
p33_gpcc-octree-predlift_r03,0.0128485
p33_gpcc-octree-predlift_r04,0.00728445
p33_gpcc-octree-predlift_r05,0.00475997
p33_gpcc-octree-predlift_r06,0.00329099
p33_gpcc-octree-raht_r02,0.0302307
p33_gpcc-octree-raht_r03,0.0151306
p33_gpcc-octree-raht_r04,0.00867933
p33_gpcc-octree-raht_r05,0.00545261
p33_gpcc-octree-raht_r06,0.00369592
p33_vpcc_r00,0.0199129
p33_vpcc_r01,0.0136758
p33_vpcc_r02,0.0106391
p33_vpcc_r03,0.00861143
p33_vpcc_r04,0.00717852
p33_vpcc_r05,0.00612936
p34_geocnn_r01,0.00807769
p34_geocnn_r02,0.007699
p34_geocnn_r03,0.00711284
p34_geocnn_r04,0.0063535
p34_gpcc-octree-predlift_r02,0.0266749
p34_gpcc-octree-predlift_r03,0.012194
p34_gpcc-octree-predlift_r04,0.00677205
p34_gpcc-octree-predlift_r05,0.00440059
p34_gpcc-octree-predlift_r06,0.00305528
p34_gpcc-octree-raht_r02,0.0348624
p34_gpcc-octree-raht_r03,0.0146935
p34_gpcc-octree-raht_r04,0.0075755
p34_gpcc-octree-raht_r05,0.00464581
p34_gpcc-octree-raht_r06,0.00317434
p34_vpcc_r00,0.0165404
p34_vpcc_r01,0.0118255
p34_vpcc_r02,0.00892504
p34_vpcc_r03,0.00691456
p34_vpcc_r04,0.00550851
p34_vpcc_r05,0.00454576
p35_geocnn_r01,0.00977472
p35_geocnn_r02,0.00930071
p35_geocnn_r03,0.0086268
p35_geocnn_r04,0.00792804
p35_gpcc-octree-predlift_r02,0.0201865
p35_gpcc-octree-predlift_r03,0.0132536
p35_gpcc-octree-predlift_r04,0.00902559
p35_gpcc-octree-predlift_r05,0.00687183
p35_gpcc-octree-predlift_r06,0.00492118
p35_gpcc-octree-raht_r02,0.0215868
p35_gpcc-octree-raht_r03,0.0157323
p35_gpcc-octree-raht_r04,0.0107281
p35_gpcc-octree-raht_r05,0.00797145
p35_gpcc-octree-raht_r06,0.00573053
p35_vpcc_r00,0.015171
p35_vpcc_r01,0.0135288
p35_vpcc_r02,0.0119408
p35_vpcc_r03,0.0105252
p35_vpcc_r04,0.00921008
p35_vpcc_r05,0.0077336
p36_geocnn_r01,0.0188719
p36_geocnn_r02,0.0169241
p36_geocnn_r03,0.0157451
p36_geocnn_r04,0.0149216
p36_gpcc-octree-predlift_r02,0.033142
p36_gpcc-octree-predlift_r03,0.0123525
p36_gpcc-octree-predlift_r04,0.00570447
p36_gpcc-octree-predlift_r05,0.00341476
p36_gpcc-octree-predlift_r06,0.00242816
p36_gpcc-octree-raht_r02,0.0449487
p36_gpcc-octree-raht_r03,0.0151816
p36_gpcc-octree-raht_r04,0.00656631
p36_gpcc-octree-raht_r05,0.00360024
p36_gpcc-octree-raht_r06,0.0024856
p36_vpcc_r00,0.0244274
p36_vpcc_r01,0.017409
p36_vpcc_r02,0.0126741
p36_vpcc_r03,0.00942093
p36_vpcc_r04,0.00761264
p36_vpcc_r05,0.00663274
p37_geocnn_r01,0.00823626
p37_geocnn_r02,0.00753987
p37_geocnn_r03,0.00688584
p37_geocnn_r04,0.00603908
p37_gpcc-octree-predlift_r02,0.0235281
p37_gpcc-octree-predlift_r03,0.0125232
p37_gpcc-octree-predlift_r04,0.00760275
p37_gpcc-octree-predlift_r05,0.00517159
p37_gpcc-octree-predlift_r06,0.00353454
p37_gpcc-octree-raht_r02,0.0278597
p37_gpcc-octree-raht_r03,0.0142869
p37_gpcc-octree-raht_r04,0.0087774
p37_gpcc-octree-raht_r05,0.00591494
p37_gpcc-octree-raht_r06,0.00402716
p37_vpcc_r00,0.0160282
p37_vpcc_r01,0.0126708
p37_vpcc_r02,0.0103443
p37_vpcc_r03,0.00868673
p37_vpcc_r04,0.00717533
p37_vpcc_r05,0.00588585
p38_geocnn_r01,0.0063927
p38_geocnn_r02,0.00562227
p38_geocnn_r03,0.00490539
p38_geocnn_r04,0.00415145
p38_gpcc-octree-predlift_r02,0.0238436
p38_gpcc-octree-predlift_r03,0.00953904
p38_gpcc-octree-predlift_r04,0.00448655
p38_gpcc-octree-predlift_r05,0.002685
p38_gpcc-octree-predlift_r06,0.00178317
p38_gpcc-octree-raht_r02,0.0276818
p38_gpcc-octree-raht_r03,0.0105209
p38_gpcc-octree-raht_r04,0.0049829
p38_gpcc-octree-raht_r05,0.00294279
p38_gpcc-octree-raht_r06,0.00192273
p38_vpcc_r00,0.0275107
p38_vpcc_r01,0.0243413
p38_vpcc_r02,0.0228704
p38_vpcc_r03,0.0218271
p38_vpcc_r04,0.0211225
p38_vpcc_r05,0.0201285
p39_geocnn_r01,0.00917912
p39_geocnn_r02,0.0084106
p39_geocnn_r03,0.00747199
p39_geocnn_r04,0.00669385
p39_gpcc-octree-predlift_r02,0.0295766
p39_gpcc-octree-predlift_r03,0.0120596
p39_gpcc-octree-predlift_r04,0.00615126
p39_gpcc-octree-predlift_r05,0.00386599
p39_gpcc-octree-predlift_r06,0.00260485
p39_gpcc-octree-raht_r02,0.0340035
p39_gpcc-octree-raht_r03,0.0136238
p39_gpcc-octree-raht_r04,0.0068379
p39_gpcc-octree-raht_r05,0.00651528
p39_gpcc-octree-raht_r06,0.00278086
p39_vpcc_r00,0.0188268
p39_vpcc_r01,0.0141068
p39_vpcc_r02,0.0110784
p39_vpcc_r03,0.00884249
p39_vpcc_r04,0.00707047
p39_vpcc_r05,0.00614113
p40_geocnn_r01,0.00913541
p40_geocnn_r02,0.00857868
p40_geocnn_r03,0.00788473
p40_geocnn_r04,0.00713131
p40_gpcc-octree-predlift_r02,0.0238762
p40_gpcc-octree-predlift_r03,0.0103757
p40_gpcc-octree-predlift_r04,0.00610688
p40_gpcc-octree-predlift_r05,0.00359466
p40_gpcc-octree-predlift_r06,0.00217018
p40_gpcc-octree-raht_r02,0.0306102
p40_gpcc-octree-raht_r03,0.012417
p40_gpcc-octree-raht_r04,0.00691067
p40_gpcc-octree-raht_r05,0.00389166
p40_gpcc-octree-raht_r06,0.0022989
p40_vpcc_r00,0.0142228
p40_vpcc_r01,0.0110308
p40_vpcc_r02,0.00863964
p40_vpcc_r03,0.00641036
p40_vpcc_r04,0.00469168
p40_vpcc_r05,0.00364111
p41_geocnn_r01,0.00642184
p41_geocnn_r02,0.00586368
p41_geocnn_r03,0.0049938
p41_geocnn_r04,0.00402226
p41_gpcc-octree-predlift_r02,0.0264658
p41_gpcc-octree-predlift_r03,0.0113286
p41_gpcc-octree-predlift_r04,0.00615221
p41_gpcc-octree-predlift_r05,0.0040817
p41_gpcc-octree-predlift_r06,0.00276818
p41_gpcc-octree-raht_r02,0.035808
p41_gpcc-octree-raht_r03,0.0142678
p41_gpcc-octree-raht_r04,0.00725307
p41_gpcc-octree-raht_r05,0.00445739
p41_gpcc-octree-raht_r06,0.00292428
p41_vpcc_r00,0.0161162
p41_vpcc_r01,0.0115258
p41_vpcc_r02,0.00877916
p41_vpcc_r03,0.00697303
p41_vpcc_r04,0.00570443
p41_vpcc_r05,0.00476592
p42_geocnn_r01,0.00710453
p42_geocnn_r02,0.00682811
p42_geocnn_r03,0.00637876
p42_geocnn_r04,0.00567972
p42_gpcc-octree-predlift_r02,0.0248847
p42_gpcc-octree-predlift_r03,0.00952306
p42_gpcc-octree-predlift_r04,0.006539
p42_gpcc-octree-predlift_r05,0.00539002
p42_gpcc-octree-predlift_r06,0.0155075
p42_gpcc-octree-raht_r02,0.0333174
p42_gpcc-octree-raht_r03,0.0106851
p42_gpcc-octree-raht_r04,0.00687563
p42_gpcc-octree-raht_r05,0.00553329
p42_gpcc-octree-raht_r06,0.00449392
p42_vpcc_r00,0.0105112
p42_vpcc_r01,0.00811331
p42_vpcc_r02,0.0069903
p42_vpcc_r03,0.00631448
p42_vpcc_r04,0.00586987
p42_vpcc_r05,0.00548854
p43_geocnn_r01,0.00915807
p43_geocnn_r02,0.00871805
p43_geocnn_r03,0.00811811
p43_geocnn_r04,0.00744906
p43_gpcc-octree-predlift_r02,0.0215103
p43_gpcc-octree-predlift_r03,0.0109493
p43_gpcc-octree-predlift_r04,0.0083789
p43_gpcc-octree-predlift_r05,0.00703107
p43_gpcc-octree-predlift_r06,0.00553274
p43_gpcc-octree-raht_r02,0.0272351
p43_gpcc-octree-raht_r03,0.0131749
p43_gpcc-octree-raht_r04,0.00935891
p43_gpcc-octree-raht_r05,0.00763896
p43_gpcc-octree-raht_r06,0.00614012
p43_vpcc_r00,0.0121632
p43_vpcc_r01,0.0102145
p43_vpcc_r02,0.00914983
p43_vpcc_r03,0.00853047
p43_vpcc_r04,0.00788098
p43_vpcc_r05,0.00681911
p44_geocnn_r01,0.00677817
p44_geocnn_r02,0.0062496
p44_geocnn_r03,0.00553284
p44_geocnn_r04,0.0047193
p44_gpcc-octree-predlift_r02,0.0298664
p44_gpcc-octree-predlift_r03,0.0106342
p44_gpcc-octree-predlift_r04,0.00556874
p44_gpcc-octree-predlift_r05,0.0040145
p44_gpcc-octree-predlift_r06,0.00293152
p44_gpcc-octree-raht_r02,0.0363569
p44_gpcc-octree-raht_r03,0.0122975
p44_gpcc-octree-raht_r04,0.00617657
p44_gpcc-octree-raht_r05,0.00427221
p44_gpcc-octree-raht_r06,0.00306209
p44_vpcc_r00,0.0150982
p44_vpcc_r01,0.0108255
p44_vpcc_r02,0.00815187
p44_vpcc_r03,0.00664703
p44_vpcc_r04,0.00561799
p44_vpcc_r05,0.00491997
p45_geocnn_r01,0.00841814
p45_geocnn_r02,0.00782003
p45_geocnn_r03,0.00683155
p45_geocnn_r04,0.00595024
p45_gpcc-octree-predlift_r02,0.0297669
p45_gpcc-octree-predlift_r03,0.0115939
p45_gpcc-octree-predlift_r04,0.00596496
p45_gpcc-octree-predlift_r05,0.00352911
p45_gpcc-octree-predlift_r06,0.00566168
p45_gpcc-octree-raht_r02,0.0383122
p45_gpcc-octree-raht_r03,0.0136651
p45_gpcc-octree-raht_r04,0.00669952
p45_gpcc-octree-raht_r05,0.00381442
p45_gpcc-octree-raht_r06,0.00236531
p45_vpcc_r00,0.0145154
p45_vpcc_r01,0.0106234
p45_vpcc_r02,0.00828448
p45_vpcc_r03,0.00661021
p45_vpcc_r04,0.00530066
p45_vpcc_r05,0.00426803
p46_geocnn_r01,0.00642473
p46_geocnn_r02,0.00564529
p46_geocnn_r03,0.0045801
p46_geocnn_r04,0.00339377
p46_gpcc-octree-predlift_r02,0.0255431
p46_gpcc-octree-predlift_r03,0.0113548
p46_gpcc-octree-predlift_r04,0.00630595
p46_gpcc-octree-predlift_r05,0.00406729
p46_gpcc-octree-predlift_r06,0.00287712
p46_gpcc-octree-raht_r02,0.0339333
p46_gpcc-octree-raht_r03,0.0136704
p46_gpcc-octree-raht_r04,0.0072632
p46_gpcc-octree-raht_r05,0.00469001
p46_gpcc-octree-raht_r06,0.00322974
p46_vpcc_r00,0.016222
p46_vpcc_r01,0.0123052
p46_vpcc_r02,0.00982496
p46_vpcc_r03,0.00795388
p46_vpcc_r04,0.006365
p46_vpcc_r05,0.0050134
p47_geocnn_r01,0.00826191
p47_geocnn_r02,0.00788112
p47_geocnn_r03,0.00731485
p47_geocnn_r04,0.00677013
p47_gpcc-octree-predlift_r02,0.0208865
p47_gpcc-octree-predlift_r03,0.0115285
p47_gpcc-octree-predlift_r04,0.00731394
p47_gpcc-octree-predlift_r05,0.00497689
p47_gpcc-octree-predlift_r06,0.00337523
p47_gpcc-octree-raht_r02,0.0261379
p47_gpcc-octree-raht_r03,0.0137999
p47_gpcc-octree-raht_r04,0.0083468
p47_gpcc-octree-raht_r05,0.0054592
p47_gpcc-octree-raht_r06,0.00362669
p47_vpcc_r00,0.0144433
p47_vpcc_r01,0.0116037
p47_vpcc_r02,0.00941748
p47_vpcc_r03,0.00758285
p47_vpcc_r04,0.00588824
p47_vpcc_r05,0.00463861
p48_geocnn_r01,0.00622264
p48_geocnn_r02,0.00556612
p48_geocnn_r03,0.00467921
p48_geocnn_r04,0.00382477
p48_gpcc-octree-predlift_r02,0.029513
p48_gpcc-octree-predlift_r03,0.011381
p48_gpcc-octree-predlift_r04,0.00565931
p48_gpcc-octree-predlift_r05,0.00353911
p48_gpcc-octree-predlift_r06,0.00220917
p48_gpcc-octree-raht_r02,0.0391802
p48_gpcc-octree-raht_r03,0.0143348
p48_gpcc-octree-raht_r04,0.00659144
p48_gpcc-octree-raht_r05,0.00381941
p48_gpcc-octree-raht_r06,0.00235109
p48_vpcc_r00,0.0163907
p48_vpcc_r01,0.0118087
p48_vpcc_r02,0.00906406
p48_vpcc_r03,0.00730591
p48_vpcc_r04,0.00602513
p48_vpcc_r05,0.00555129
p49_geocnn_r01,0.00658966
p49_geocnn_r02,0.00611267
p49_geocnn_r03,0.00556875
p49_geocnn_r04,0.0049721
p49_gpcc-octree-predlift_r02,0.0207903
p49_gpcc-octree-predlift_r03,0.00843082
p49_gpcc-octree-predlift_r04,0.00458726
p49_gpcc-octree-predlift_r05,0.00263553
p49_gpcc-octree-predlift_r06,0.00158486
p49_gpcc-octree-raht_r02,0.0272801
p49_gpcc-octree-raht_r03,0.00993383
p49_gpcc-octree-raht_r04,0.00525534
p49_gpcc-octree-raht_r05,0.00285565
p49_gpcc-octree-raht_r06,0.00167591
p49_vpcc_r00,0.0116196
p49_vpcc_r01,0.0088676
p49_vpcc_r02,0.00701334
p49_vpcc_r03,0.00515623
p49_vpcc_r04,0.00364831
p49_vpcc_r05,0.00286042
p50_geocnn_r01,0.00687068
p50_geocnn_r02,0.0063505
p50_geocnn_r03,0.00549965
p50_geocnn_r04,0.00447899
p50_gpcc-octree-predlift_r02,0.0256901
p50_gpcc-octree-predlift_r03,0.0117999
p50_gpcc-octree-predlift_r04,0.00673738
p50_gpcc-octree-predlift_r05,0.00459691
p50_gpcc-octree-predlift_r06,0.00324016
p50_gpcc-octree-raht_r02,0.0344084
p50_gpcc-octree-raht_r03,0.0147283
p50_gpcc-octree-raht_r04,0.00789711
p50_gpcc-octree-raht_r05,0.00501606
p50_gpcc-octree-raht_r06,0.00339852
p50_vpcc_r00,0.0164218
p50_vpcc_r01,0.012052
p50_vpcc_r02,0.00941003
p50_vpcc_r03,0.00758134
p50_vpcc_r04,0.00625928
p50_vpcc_r05,0.00523062
p51_geocnn_r01,0.0122308
p51_geocnn_r02,0.0117746
p51_geocnn_r03,0.0107947
p51_geocnn_r04,0.00959779
p51_gpcc-octree-predlift_r02,0.0290932
p51_gpcc-octree-predlift_r03,0.0148452
p51_gpcc-octree-predlift_r04,0.00758866
p51_gpcc-octree-predlift_r05,0.00460664
p51_gpcc-octree-predlift_r06,0.00272971
p51_gpcc-octree-raht_r02,0.0362742
p51_gpcc-octree-raht_r03,0.0171217
p51_gpcc-octree-raht_r04,0.00856292
p51_gpcc-octree-raht_r05,0.00487761
p51_gpcc-octree-raht_r06,0.00283091
p51_vpcc_r00,0.0198156
p51_vpcc_r01,0.0152641
p51_vpcc_r02,0.0114988
p51_vpcc_r03,0.00881967
p51_vpcc_r04,0.0070684
p51_vpcc_r05,0.00616817
p52_geocnn_r01,0.00802857
p52_geocnn_r02,0.00752205
p52_geocnn_r03,0.00701658
p52_geocnn_r04,0.0062186
p52_gpcc-octree-predlift_r02,0.0189882
p52_gpcc-octree-predlift_r03,0.00895109
p52_gpcc-octree-predlift_r04,0.00518998
p52_gpcc-octree-predlift_r05,0.00326359
p52_gpcc-octree-predlift_r06,0.00204751
p52_gpcc-octree-raht_r02,0.0245185
p52_gpcc-octree-raht_r03,0.0108267
p52_gpcc-octree-raht_r04,0.00591996
p52_gpcc-octree-raht_r05,0.00355163
p52_gpcc-octree-raht_r06,0.00225992
p52_vpcc_r00,0.0123586
p52_vpcc_r01,0.0103768
p52_vpcc_r02,0.00876704
p52_vpcc_r03,0.00691832
p52_vpcc_r04,0.00550514
p52_vpcc_r05,0.0042169
p53_geocnn_r01,0.0114904
p53_geocnn_r02,0.010925
p53_geocnn_r03,0.0100323
p53_geocnn_r04,0.00905144
p53_gpcc-octree-predlift_r02,0.0315664
p53_gpcc-octree-predlift_r03,0.0134313
p53_gpcc-octree-predlift_r04,0.00720635
p53_gpcc-octree-predlift_r05,0.00387087
p53_gpcc-octree-predlift_r06,0.00226798
p53_gpcc-octree-raht_r02,0.0408829
p53_gpcc-octree-raht_r03,0.0159138
p53_gpcc-octree-raht_r04,0.00785658
p53_gpcc-octree-raht_r05,0.0040638
p53_gpcc-octree-raht_r06,0.00233862
p53_vpcc_r00,0.0184925
p53_vpcc_r01,0.013681
p53_vpcc_r02,0.0105785
p53_vpcc_r03,0.00783441
p53_vpcc_r04,0.00623187
p53_vpcc_r05,0.00533158
p54_geocnn_r01,0.00985832
p54_geocnn_r02,0.00920929
p54_geocnn_r03,0.00853753
p54_geocnn_r04,0.00762838
p54_gpcc-octree-predlift_r02,0.0300969
p54_gpcc-octree-predlift_r03,0.0117795
p54_gpcc-octree-predlift_r04,0.00616918
p54_gpcc-octree-predlift_r05,0.00346832
p54_gpcc-octree-predlift_r06,0.00211458
p54_gpcc-octree-raht_r02,0.0377452
p54_gpcc-octree-raht_r03,0.0137149
p54_gpcc-octree-raht_r04,0.00684927
p54_gpcc-octree-raht_r05,0.00375292
p54_gpcc-octree-raht_r06,0.00227079
p54_vpcc_r00,0.0170545
p54_vpcc_r01,0.0125289
p54_vpcc_r02,0.00969914
p54_vpcc_r03,0.00769685
p54_vpcc_r04,0.00618256
p54_vpcc_r05,0.00512456
p55_geocnn_r01,0.00483864
p55_geocnn_r02,0.0045967
p55_geocnn_r03,0.00421773
p55_geocnn_r04,0.00398347
p55_gpcc-octree-predlift_r02,0.0233704
p55_gpcc-octree-predlift_r03,0.00757238
p55_gpcc-octree-predlift_r04,0.00422199
p55_gpcc-octree-predlift_r05,0.00298076
p55_gpcc-octree-predlift_r06,0.00230625
p55_gpcc-octree-raht_r02,0.0300057
p55_gpcc-octree-raht_r03,0.00948366
p55_gpcc-octree-raht_r04,0.00485253
p55_gpcc-octree-raht_r05,0.00322417
p55_gpcc-octree-raht_r06,0.00242037
p55_vpcc_r00,0.0100066
p55_vpcc_r01,0.00689026
p55_vpcc_r02,0.00484464
p55_vpcc_r03,0.00368056
p55_vpcc_r04,0.00271276
p55_vpcc_r05,0.00194077
p56_geocnn_r01,0.0145133
p56_geocnn_r02,0.0137219
p56_geocnn_r03,0.0128629
p56_geocnn_r04,0.0117893
p56_gpcc-octree-predlift_r02,0.0299747
p56_gpcc-octree-predlift_r03,0.0136033
p56_gpcc-octree-predlift_r04,0.00767756
p56_gpcc-octree-predlift_r05,0.00461644
p56_gpcc-octree-predlift_r06,0.00293895
p56_gpcc-octree-raht_r02,0.0381926
p56_gpcc-octree-raht_r03,0.0158873
p56_gpcc-octree-raht_r04,0.00844889
p56_gpcc-octree-raht_r05,0.00491713
p56_gpcc-octree-raht_r06,0.00309181
p56_vpcc_r00,0.0229405
p56_vpcc_r01,0.0176168
p56_vpcc_r02,0.0137888
p56_vpcc_r03,0.0110434
p56_vpcc_r04,0.00913481
p56_vpcc_r05,0.00798544
p57_geocnn_r01,0.00994498
p57_geocnn_r02,0.00911614
p57_geocnn_r03,0.00807687
p57_geocnn_r04,0.00700035
p57_gpcc-octree-predlift_r02,0.0333989
p57_gpcc-octree-predlift_r03,0.0112731
p57_gpcc-octree-predlift_r04,0.00552892
p57_gpcc-octree-predlift_r05,0.00311215
p57_gpcc-octree-predlift_r06,0.00194935
p57_gpcc-octree-raht_r02,0.0438491
p57_gpcc-octree-raht_r03,0.0131202
p57_gpcc-octree-raht_r04,0.00599937
p57_gpcc-octree-raht_r05,0.00327797
p57_gpcc-octree-raht_r06,0.00202209
p57_vpcc_r00,0.0189587
p57_vpcc_r01,0.013472
p57_vpcc_r02,0.0101572
p57_vpcc_r03,0.00796586
p57_vpcc_r04,0.00650314
p57_vpcc_r05,0.00570093
p58_geocnn_r01,0.00921617
p58_geocnn_r02,0.00825297
p58_geocnn_r03,0.00691174
p58_geocnn_r04,0.00573491
p58_gpcc-octree-predlift_r02,0.0358976
p58_gpcc-octree-predlift_r03,0.0103175
p58_gpcc-octree-predlift_r04,0.00487877
p58_gpcc-octree-predlift_r05,0.00285144
p58_gpcc-octree-predlift_r06,0.00197812
p58_gpcc-octree-raht_r02,0.0458903
p58_gpcc-octree-raht_r03,0.0117863
p58_gpcc-octree-raht_r04,0.00525476
p58_gpcc-octree-raht_r05,0.00298239
p58_gpcc-octree-raht_r06,0.00204067
p58_vpcc_r00,0.0190783
p58_vpcc_r01,0.0133578
p58_vpcc_r02,0.00998911
p58_vpcc_r03,0.00805692
p58_vpcc_r04,0.00655917
p58_vpcc_r05,0.00568905
p59_geocnn_r01,0.00599857
p59_geocnn_r02,0.00550429
p59_geocnn_r03,0.00481168
p59_geocnn_r04,0.00400361
p59_gpcc-octree-predlift_r02,0.0194125
p59_gpcc-octree-predlift_r03,0.00795988
p59_gpcc-octree-predlift_r04,0.00431736
p59_gpcc-octree-predlift_r05,0.00273288
p59_gpcc-octree-predlift_r06,0.00179753
p59_gpcc-octree-raht_r02,0.0255914
p59_gpcc-octree-raht_r03,0.00955216
p59_gpcc-octree-raht_r04,0.00493115
p59_gpcc-octree-raht_r05,0.00300417
p59_gpcc-octree-raht_r06,0.00195573
p59_vpcc_r00,0.0111814
p59_vpcc_r01,0.00859614
p59_vpcc_r02,0.00685855
p59_vpcc_r03,0.00558991
p59_vpcc_r04,0.00462498
p59_vpcc_r05,0.00364931
p60_geocnn_r01,0.00676846
p60_geocnn_r02,0.00602717
p60_geocnn_r03,0.00514592
p60_geocnn_r04,0.00416838
p60_gpcc-octree-predlift_r02,0.028185
p60_gpcc-octree-predlift_r03,0.011183
p60_gpcc-octree-predlift_r04,0.00568727
p60_gpcc-octree-predlift_r05,0.00364795
p60_gpcc-octree-predlift_r06,0.0025695
p60_gpcc-octree-raht_r02,0.0361748
p60_gpcc-octree-raht_r03,0.0134572
p60_gpcc-octree-raht_r04,0.00666828
p60_gpcc-octree-raht_r05,0.00404229
p60_gpcc-octree-raht_r06,0.00275061
p60_vpcc_r00,0.0137019
p60_vpcc_r01,0.0103704
p60_vpcc_r02,0.00802604
p60_vpcc_r03,0.00639736
p60_vpcc_r04,0.00518923
p60_vpcc_r05,0.00419672
p61_geocnn_r01,0.00602112
p61_geocnn_r02,0.00557936
p61_geocnn_r03,0.00492341
p61_geocnn_r04,0.0041873
p61_gpcc-octree-predlift_r02,0.0226243
p61_gpcc-octree-predlift_r03,0.00825209
p61_gpcc-octree-predlift_r04,0.00432447
p61_gpcc-octree-predlift_r05,0.0025915
p61_gpcc-octree-predlift_r06,0.00167298
p61_gpcc-octree-raht_r02,0.0289856
p61_gpcc-octree-raht_r03,0.00975431
p61_gpcc-octree-raht_r04,0.00488009
p61_gpcc-octree-raht_r05,0.00279606
p61_gpcc-octree-raht_r06,0.0017892
p61_vpcc_r00,0.0114591
p61_vpcc_r01,0.00851973
p61_vpcc_r02,0.00650634
p61_vpcc_r03,0.00525565
p61_vpcc_r04,0.00430436
p61_vpcc_r05,0.00360377
p62_geocnn_r01,0.0103836
p62_geocnn_r02,0.00971054
p62_geocnn_r03,0.00893409
p62_geocnn_r04,0.00790196
p62_gpcc-octree-predlift_r02,0.0299902
p62_gpcc-octree-predlift_r03,0.0128623
p62_gpcc-octree-predlift_r04,0.00654528
p62_gpcc-octree-predlift_r05,0.00402493
p62_gpcc-octree-predlift_r06,0.00244101
p62_gpcc-octree-raht_r02,0.0380015
p62_gpcc-octree-raht_r03,0.0149957
p62_gpcc-octree-raht_r04,0.00739539
p62_gpcc-octree-raht_r05,0.00433508
p62_gpcc-octree-raht_r06,0.00259277
p62_vpcc_r00,0.0186956
p62_vpcc_r01,0.0142632
p62_vpcc_r02,0.0113972
p62_vpcc_r03,0.00904801
p62_vpcc_r04,0.00704057
p62_vpcc_r05,0.00575472
p63_geocnn_r01,0.0111157
p63_geocnn_r02,0.0104938
p63_geocnn_r03,0.00984683
p63_geocnn_r04,0.00910518
p63_gpcc-octree-predlift_r02,0.0265274
p63_gpcc-octree-predlift_r03,0.0140944
p63_gpcc-octree-predlift_r04,0.00790337
p63_gpcc-octree-predlift_r05,0.00454992
p63_gpcc-octree-predlift_r06,0.00274293
p63_gpcc-octree-raht_r02,0.0304293
p63_gpcc-octree-raht_r03,0.0168094
p63_gpcc-octree-raht_r04,0.00888938
p63_gpcc-octree-raht_r05,0.004875
p63_gpcc-octree-raht_r06,0.00287519
p63_vpcc_r00,0.0179676
p63_vpcc_r01,0.0128356
p63_vpcc_r02,0.00943472
p63_vpcc_r03,0.00700126
p63_vpcc_r04,0.00502044
p63_vpcc_r05,0.00397959
p64_geocnn_r01,0.00861177
p64_geocnn_r02,0.00797062
p64_geocnn_r03,0.00691118
p64_geocnn_r04,0.00581033
p64_gpcc-octree-predlift_r02,0.0332767
p64_gpcc-octree-predlift_r03,0.011741
p64_gpcc-octree-predlift_r04,0.00556871
p64_gpcc-octree-predlift_r05,0.00330269
p64_gpcc-octree-predlift_r06,0.00206107
p64_gpcc-octree-raht_r02,0.0410346
p64_gpcc-octree-raht_r03,0.0137944
p64_gpcc-octree-raht_r04,0.00611915
p64_gpcc-octree-raht_r05,0.00347497
p64_gpcc-octree-raht_r06,0.00214092
p64_vpcc_r00,0.0178508
p64_vpcc_r01,0.0123551
p64_vpcc_r02,0.00930381
p64_vpcc_r03,0.00728343
p64_vpcc_r04,0.00578273
p64_vpcc_r05,0.00476733
p65_geocnn_r01,0.00975247
p65_geocnn_r02,0.00900137
p65_geocnn_r03,0.00787284
p65_geocnn_r04,0.00683972
p65_gpcc-octree-predlift_r02,0.0301163
p65_gpcc-octree-predlift_r03,0.0119164
p65_gpcc-octree-predlift_r04,0.00599535
p65_gpcc-octree-predlift_r05,0.00320875
p65_gpcc-octree-predlift_r06,0.0018644
p65_gpcc-octree-raht_r02,0.0407392
p65_gpcc-octree-raht_r03,0.014252
p65_gpcc-octree-raht_r04,0.00657571
p65_gpcc-octree-raht_r05,0.003386
p65_gpcc-octree-raht_r06,0.00193963
p65_vpcc_r00,0.0188465
p65_vpcc_r01,0.0134625
p65_vpcc_r02,0.0104147
p65_vpcc_r03,0.00820717
p65_vpcc_r04,0.00641205
p65_vpcc_r05,0.0052621
p66_geocnn_r01,0.00651376
p66_geocnn_r02,0.00611139
p66_geocnn_r03,0.00537125
p66_geocnn_r04,0.00455354
p66_gpcc-octree-predlift_r02,0.0181498
p66_gpcc-octree-predlift_r03,0.00914539
p66_gpcc-octree-predlift_r04,0.00525519
p66_gpcc-octree-predlift_r05,0.0033932
p66_gpcc-octree-predlift_r06,0.00228132
p66_gpcc-octree-raht_r02,0.0238398
p66_gpcc-octree-raht_r03,0.0113172
p66_gpcc-octree-raht_r04,0.00622843
p66_gpcc-octree-raht_r05,0.00377632
p66_gpcc-octree-raht_r06,0.00246639
p66_vpcc_r00,0.0123838
p66_vpcc_r01,0.00968427
p66_vpcc_r02,0.0076136
p66_vpcc_r03,0.00624456
p66_vpcc_r04,0.00511432
p66_vpcc_r05,0.0042518
p67_geocnn_r01,0.0110442
p67_geocnn_r02,0.0104753
p67_geocnn_r03,0.00967088
p67_geocnn_r04,0.00862183
p67_gpcc-octree-predlift_r02,0.0305136
p67_gpcc-octree-predlift_r03,0.0131248
p67_gpcc-octree-predlift_r04,0.0074817
p67_gpcc-octree-predlift_r05,0.00443481
p67_gpcc-octree-predlift_r06,0.00271651
p67_gpcc-octree-raht_r02,0.0401634
p67_gpcc-octree-raht_r03,0.0155647
p67_gpcc-octree-raht_r04,0.00821783
p67_gpcc-octree-raht_r05,0.00465621
p67_gpcc-octree-raht_r06,0.00280714
p67_vpcc_r00,0.0177444
p67_vpcc_r01,0.0134088
p67_vpcc_r02,0.0106201
p67_vpcc_r03,0.00834749
p67_vpcc_r04,0.00668502
p67_vpcc_r05,0.00558935
p68_geocnn_r01,NaN
p68_geocnn_r02,NaN
p68_geocnn_r03,0.0095981
p68_geocnn_r04,0.00817528
p68_gpcc-octree-predlift_r02,0.0353823
p68_gpcc-octree-predlift_r03,0.0118425
p68_gpcc-octree-predlift_r04,0.00506824
p68_gpcc-octree-predlift_r05,0.00318402
p68_gpcc-octree-predlift_r06,0.00200668
p68_gpcc-octree-raht_r02,0.0467517
p68_gpcc-octree-raht_r03,0.0132309
p68_gpcc-octree-raht_r04,0.00533158
p68_gpcc-octree-raht_r05,0.00323623
p68_gpcc-octree-raht_r06,0.00202598
p68_vpcc_r00,0.0221437
p68_vpcc_r01,0.0151911
p68_vpcc_r02,0.0110977
p68_vpcc_r03,0.00906299
p68_vpcc_r04,0.0077891
p68_vpcc_r05,0.00669827
p69_geocnn_r01,0.011482
p69_geocnn_r02,0.0110543
p69_geocnn_r03,0.0101815
p69_geocnn_r04,0.00955397
p69_gpcc-octree-predlift_r02,0.024678
p69_gpcc-octree-predlift_r03,0.0131638
p69_gpcc-octree-predlift_r04,0.00828115
p69_gpcc-octree-predlift_r05,0.00437983
p69_gpcc-octree-predlift_r06,0.00217282
p69_gpcc-octree-raht_r02,0.0298404
p69_gpcc-octree-raht_r03,0.0152243
p69_gpcc-octree-raht_r04,0.00996058
p69_gpcc-octree-raht_r05,0.00528843
p69_gpcc-octree-raht_r06,0.00256894
p69_vpcc_r00,0.016035
p69_vpcc_r01,0.0142181
p69_vpcc_r02,0.0119886
p69_vpcc_r03,0.00934232
p69_vpcc_r04,0.00588491
p69_vpcc_r05,0.00373299
p70_geocnn_r01,0.0102703
p70_geocnn_r02,0.00982783
p70_geocnn_r03,0.00906687
p70_geocnn_r04,0.00797481
p70_gpcc-octree-predlift_r02,0.0296214
p70_gpcc-octree-predlift_r03,0.0130978
p70_gpcc-octree-predlift_r04,0.00707915
p70_gpcc-octree-predlift_r05,0.00451082
p70_gpcc-octree-predlift_r06,0.00291725
p70_gpcc-octree-raht_r02,0.0410283
p70_gpcc-octree-raht_r03,0.0156999
p70_gpcc-octree-raht_r04,0.00785167
p70_gpcc-octree-raht_r05,0.00475002
p70_gpcc-octree-raht_r06,0.00301713
p70_vpcc_r00,0.0195325
p70_vpcc_r01,0.0141879
p70_vpcc_r02,0.0109949
p70_vpcc_r03,0.008774
p70_vpcc_r04,0.00731759
p70_vpcc_r05,0.00618588
p71_geocnn_r01,0.00958971
p71_geocnn_r02,0.00881621
p71_geocnn_r03,0.00770164
p71_geocnn_r04,0.00662976
p71_gpcc-octree-predlift_r02,0.0317664
p71_gpcc-octree-predlift_r03,0.0114004
p71_gpcc-octree-predlift_r04,0.0050747
p71_gpcc-octree-predlift_r05,0.00307193
p71_gpcc-octree-predlift_r06,0.00187891
p71_gpcc-octree-raht_r02,0.0445382
p71_gpcc-octree-raht_r03,0.0135263
p71_gpcc-octree-raht_r04,0.00572167
p71_gpcc-octree-raht_r05,0.00327862
p71_gpcc-octree-raht_r06,0.00198118
p71_vpcc_r00,0.0192046
p71_vpcc_r01,0.013854
p71_vpcc_r02,0.0107701
p71_vpcc_r03,0.00859158
p71_vpcc_r04,0.00703675
p71_vpcc_r05,0.00588805
p72_geocnn_r01,0.00983443
p72_geocnn_r02,0.00933104
p72_geocnn_r03,0.00845251
p72_geocnn_r04,0.00733803
p72_gpcc-octree-predlift_r02,0.026544
p72_gpcc-octree-predlift_r03,0.0119806
p72_gpcc-octree-predlift_r04,0.00648959
p72_gpcc-octree-predlift_r05,0.00418144
p72_gpcc-octree-predlift_r06,0.00270955
p72_gpcc-octree-raht_r02,0.0351098
p72_gpcc-octree-raht_r03,0.0144744
p72_gpcc-octree-raht_r04,0.00748035
p72_gpcc-octree-raht_r05,0.00461805
p72_gpcc-octree-raht_r06,0.00296566
p72_vpcc_r00,0.0179334
p72_vpcc_r01,0.0135561
p72_vpcc_r02,0.0110049
p72_vpcc_r03,0.00915139
p72_vpcc_r04,0.00762049
p72_vpcc_r05,0.00636761
p73_geocnn_r01,0.0109911
p73_geocnn_r02,0.0102606
p73_geocnn_r03,0.00937475
p73_geocnn_r04,0.00794448
p73_gpcc-octree-predlift_r02,0.0334734
p73_gpcc-octree-predlift_r03,0.0125632
p73_gpcc-octree-predlift_r04,0.00566325
p73_gpcc-octree-predlift_r05,0.00297137
p73_gpcc-octree-predlift_r06,0.00198485
p73_gpcc-octree-raht_r02,0.0430823
p73_gpcc-octree-raht_r03,0.0140599
p73_gpcc-octree-raht_r04,0.00596849
p73_gpcc-octree-raht_r05,0.00307259
p73_gpcc-octree-raht_r06,0.00202605
p73_vpcc_r00,0.0205551
p73_vpcc_r01,0.014344
p73_vpcc_r02,0.0103677
p73_vpcc_r03,0.00798716
p73_vpcc_r04,0.00661999
p73_vpcc_r05,0.00589186
p74_geocnn_r01,0.00902293
p74_geocnn_r02,0.00849255
p74_geocnn_r03,0.00764837
p74_geocnn_r04,0.00633423
p74_gpcc-octree-predlift_r02,0.0335843
p74_gpcc-octree-predlift_r03,0.0115879
p74_gpcc-octree-predlift_r04,0.00486034
p74_gpcc-octree-predlift_r05,0.00290751
p74_gpcc-octree-predlift_r06,0.00185666
p74_gpcc-octree-raht_r02,0.0436812
p74_gpcc-octree-raht_r03,0.0137685
p74_gpcc-octree-raht_r04,0.00558738
p74_gpcc-octree-raht_r05,0.00315329
p74_gpcc-octree-raht_r06,0.00196694
p74_vpcc_r00,0.0174775
p74_vpcc_r01,0.0127007
p74_vpcc_r02,0.0096156
p74_vpcc_r03,0.00783603
p74_vpcc_r04,0.00656492
p74_vpcc_r05,0.0055448
p75_geocnn_r01,0.00993184
p75_geocnn_r02,0.00918275
p75_geocnn_r03,0.00822651
p75_geocnn_r04,0.00705364
p75_gpcc-octree-predlift_r02,0.0313964
p75_gpcc-octree-predlift_r03,0.0112568
p75_gpcc-octree-predlift_r04,0.00547784
p75_gpcc-octree-predlift_r05,0.00314934
p75_gpcc-octree-predlift_r06,0.0021057
p75_gpcc-octree-raht_r02,0.0407638
p75_gpcc-octree-raht_r03,0.013442
p75_gpcc-octree-raht_r04,0.00630737
p75_gpcc-octree-raht_r05,0.00354384
p75_gpcc-octree-raht_r06,0.00232083
p75_vpcc_r00,0.0167276
p75_vpcc_r01,0.0126888
p75_vpcc_r02,0.0100121
p75_vpcc_r03,0.00837084
p75_vpcc_r04,0.00720934
p75_vpcc_r05,0.00620866
